"DESCRIPTION","DURATION IN MS","NAME","PARENT SUITE","START TIME","STATUS","STOP TIME","SUB SUITE","SUITE","TEST CLASS","TEST METHOD"
"","48","5.4.3.7 Verifier should reject an expired credential","","Mon May 18 06:59:22 UTC 2026","passed","Mon May 18 06:59:23 UTC 2026","","org.eclipse.dataspacetck.dcp.verification.presentation.verifier.PresentationFlowSection5Test","org.eclipse.dataspacetck.dcp.verification.presentation.verifier.PresentationFlowSection5Test","verifier_05_04_03_07_presentationResponse_expiredCredential"
"","303","retireAgreement_shouldFail_whenAgreementDoesNotExist()","","Mon May 18 07:02:32 UTC 2026","passed","Mon May 18 07:02:33 UTC 2026","","org.eclipse.tractusx.edc.tests.transfer.RetireAgreementTest","org.eclipse.tractusx.edc.tests.transfer.RetireAgreementTest","retireAgreement_shouldFail_whenAgreementDoesNotExist"
"","2080","transferMultipleFile_success(Vault)","","Mon May 18 06:59:56 UTC 2026","passed","Mon May 18 06:59:58 UTC 2026","","org.eclipse.tractusx.edc.dataplane.transfer.test.AzureToAzureTest","org.eclipse.tractusx.edc.dataplane.transfer.test.AzureToAzureTest","transferMultipleFile_success"
"","2742","shouldDelegateAuth()","","Mon May 18 07:02:00 UTC 2026","passed","Mon May 18 07:02:03 UTC 2026","","org.eclipse.tractusx.edc.tests.auth.DelegatedAuthEndToEndTest","org.eclipse.tractusx.edc.tests.auth.DelegatedAuthEndToEndTest","shouldDelegateAuth"
"","2062","transferFolder_targetFolderNotExists_shouldCreate(Vault)","","Mon May 18 07:00:00 UTC 2026","passed","Mon May 18 07:00:02 UTC 2026","","org.eclipse.tractusx.edc.dataplane.transfer.test.AzureToAzureTest","org.eclipse.tractusx.edc.dataplane.transfer.test.AzureToAzureTest","transferFolder_targetFolderNotExists_shouldCreate"
"","1798","trigger_shouldReturnSuccess_whenAllValidationsSucceed()","","Mon May 18 07:02:09 UTC 2026","passed","Mon May 18 07:02:10 UTC 2026","","org.eclipse.tractusx.edc.tests.transfer.DataFlowApiEndToEndTest","org.eclipse.tractusx.edc.tests.transfer.DataFlowApiEndToEndTest","trigger_shouldReturnSuccess_whenAllValidationsSucceed"
"","41","Policy is not accepted due to missing context ""Liability""","","Mon May 18 07:02:25 UTC 2026","passed","Mon May 18 07:02:25 UTC 2026","","org.eclipse.tractusx.edc.tests.policy.PolicyDefinitionEndToEndTest","org.eclipse.tractusx.edc.tests.policy.PolicyDefinitionEndToEndTest","shouldNotAcceptInvalidNamespacePolicyDefinitions"
"","57","4.3.3 Verify invalid access token - auth token bound to a different iss/sub","","Mon May 18 06:59:21 UTC 2026","passed","Mon May 18 06:59:21 UTC 2026","","org.eclipse.dataspacetck.dcp.verification.presentation.verifier.PresentationFlowSection4Test","org.eclipse.dataspacetck.dcp.verification.presentation.verifier.PresentationFlowSection4Test","verifier_04_03_03_idTokenInvalidIssuerSub"
"","3038","transferData_privateBackend_withConsumerDataPlane()","","Mon May 18 07:02:04 UTC 2026","passed","Mon May 18 07:02:07 UTC 2026","","org.eclipse.tractusx.edc.tests.transfer.StsConsumerPullTest","org.eclipse.tractusx.edc.tests.transfer.StsConsumerPullTest","transferData_privateBackend_withConsumerDataPlane"
"","85","Expect the Catalog request to fail if a requested credential is missing","","Mon May 18 07:01:54 UTC 2026","passed","Mon May 18 07:01:54 UTC 2026","","org.eclipse.tractusx.edc.tests.transfer.StsConsumerPullTest","org.eclipse.tractusx.edc.tests.transfer.StsConsumerPullTest","catalogRequest_whenRequestedCredentialMissing"
"","2400","The sign key of the authentication token is different from the public key from the DID","","Mon May 18 06:59:34 UTC 2026","passed","Mon May 18 06:59:36 UTC 2026","","org.eclipse.tractusx.edc.dataplane.tokenrefresh.e2e.DataPlaneTokenRefreshEndToEndTest","org.eclipse.tractusx.edc.dataplane.tokenrefresh.e2e.DataPlaneTokenRefreshEndToEndTest","refresh_spoofedAuthToken"
"","5055","httpPushDataTransfer()","","Mon May 18 07:05:29 UTC 2026","passed","Mon May 18 07:05:34 UTC 2026","","org.eclipse.tractusx.edc.tests.transfer.TransferPushEndToEndTest.Dsp08to08","org.eclipse.tractusx.edc.tests.transfer.TransferPushEndToEndTest$Dsp08to08","httpPushDataTransfer"
"","27","discoveryShouldReturn2025DspParams_DidAsIdentifier()","","Mon May 18 07:00:24 UTC 2026","passed","Mon May 18 07:00:24 UTC 2026","","org.eclipse.tractusx.edc.discovery.e2e.ConnectorParameterDiscoveryTest","org.eclipse.tractusx.edc.discovery.e2e.ConnectorParameterDiscoveryTest","discoveryShouldReturn2025DspParams_DidAsIdentifier"
"","8193","transferFile_success()","","Mon May 18 07:01:13 UTC 2026","passed","Mon May 18 07:01:21 UTC 2026","","org.eclipse.tractusx.edc.tests.transfer.S3ToS3EndToEndTest","org.eclipse.tractusx.edc.tests.transfer.S3ToS3EndToEndTest","transferFile_success"
"","61","Policy is not accepted because definition is not correct ""Access policy permission with not allowed constraints""","","Mon May 18 07:02:25 UTC 2026","passed","Mon May 18 07:02:25 UTC 2026","","org.eclipse.tractusx.edc.tests.policy.PolicyDefinitionEndToEndTest","org.eclipse.tractusx.edc.tests.policy.PolicyDefinitionEndToEndTest","shouldNotAcceptInvalidPolicyDefinitions"
"","2063","transferFile_success(Vault)","","Mon May 18 06:59:58 UTC 2026","passed","Mon May 18 07:00:00 UTC 2026","","org.eclipse.tractusx.edc.dataplane.transfer.test.AzureToAzureTest","org.eclipse.tractusx.edc.dataplane.transfer.test.AzureToAzureTest","transferFile_success"
"","56","refreshEdr_whenNotAuthorized()","","Mon May 18 07:02:32 UTC 2026","passed","Mon May 18 07:02:32 UTC 2026","","org.eclipse.tractusx.edc.tests.edrv2.EdrCacheApiEndToEndTest","org.eclipse.tractusx.edc.tests.edrv2.EdrCacheApiEndToEndTest","refreshEdr_whenNotAuthorized"
"","101","BusinessPartnerUpdated event is published","","Mon May 18 06:59:48 UTC 2026","passed","Mon May 18 06:59:48 UTC 2026","","org.eclipse.tractusx.edc.tests.bpn.events.BusinessPartnerEventTest","org.eclipse.tractusx.edc.tests.bpn.events.BusinessPartnerEventTest","shouldPublishBusinessPartnerUpdatedEvent"
"","2054","transferMultipleFiles()","","Mon May 18 07:00:48 UTC 2026","passed","Mon May 18 07:00:50 UTC 2026","","org.eclipse.tractusx.edc.dataplane.transfer.test.S3ToS3Test","org.eclipse.tractusx.edc.dataplane.transfer.test.S3ToS3Test","transferMultipleFiles"
"","83","5.4.2.2 Verifier should accept a presentation response message that contains more credentials than requested","","Mon May 18 06:59:22 UTC 2026","passed","Mon May 18 06:59:22 UTC 2026","","org.eclipse.dataspacetck.dcp.verification.presentation.verifier.PresentationFlowSection5Test","org.eclipse.dataspacetck.dcp.verification.presentation.verifier.PresentationFlowSection5Test","verifier_05_04_02_02_presentationResponse_tooManyCredentials"
"","13123","azureBlobPush_withoutDestFolder()","","Mon May 18 07:00:04 UTC 2026","passed","Mon May 18 07:00:17 UTC 2026","","org.eclipse.tractusx.edc.tests.transfer.AzureToAzureEndToEndTest","org.eclipse.tractusx.edc.tests.transfer.AzureToAzureEndToEndTest","azureBlobPush_withoutDestFolder"
"","32607","shouldTerminateTransfer_whenDataUsageEndDatePolicyExpires()","","Mon May 18 07:03:19 UTC 2026","passed","Mon May 18 07:03:52 UTC 2026","","org.eclipse.tractusx.edc.tests.policy.PolicyMonitorEndToEndTest","org.eclipse.tractusx.edc.tests.policy.PolicyMonitorEndToEndTest","shouldTerminateTransfer_whenDataUsageEndDatePolicyExpires"
"","4608","transferData_success_withProxyOriginalResponse()","","Mon May 18 07:03:34 UTC 2026","passed","Mon May 18 07:03:38 UTC 2026","","org.eclipse.tractusx.edc.tests.transfer.TransferPullEndToEndTest.Dsp08to08","org.eclipse.tractusx.edc.tests.transfer.TransferPullEndToEndTest$Dsp08to08","transferData_success_withProxyOriginalResponse"
"","291","Expect the Catalog request to fail if a credential is revoked","","Mon May 18 07:01:53 UTC 2026","passed","Mon May 18 07:01:54 UTC 2026","","org.eclipse.tractusx.edc.tests.transfer.StsConsumerPullTest","org.eclipse.tractusx.edc.tests.transfer.StsConsumerPullTest","catalogRequest_whenCredentialRevoked"
"","57","Policy is accepted ""Enforce data usage end date 1 second in the future""","","Mon May 18 07:02:24 UTC 2026","passed","Mon May 18 07:02:24 UTC 2026","","org.eclipse.tractusx.edc.tests.policy.PolicyDefinitionEndToEndTest","org.eclipse.tractusx.edc.tests.policy.PolicyDefinitionEndToEndTest","shouldAcceptValidPolicyDefinitions"
"","3","verifyCorrectParticipantAgentId_forDsp2025(DataspaceProfileContextRegistry)","","Mon May 18 07:01:30 UTC 2026","passed","Mon May 18 07:01:30 UTC 2026","","org.eclipse.tractusx.edc.tests.transfer.IdentityExtractionTest","org.eclipse.tractusx.edc.tests.transfer.IdentityExtractionTest","verifyCorrectParticipantAgentId_forDsp2025"
"","11092","httpPushNonFiniteDataTransfer()","","Mon May 18 07:05:34 UTC 2026","passed","Mon May 18 07:05:45 UTC 2026","","org.eclipse.tractusx.edc.tests.transfer.TransferPushEndToEndTest.Dsp08to08","org.eclipse.tractusx.edc.tests.transfer.TransferPushEndToEndTest$Dsp08to08","httpPushNonFiniteDataTransfer"
"","74","Policy is accepted ""Data Usage End Duration Days""","","Mon May 18 07:02:22 UTC 2026","passed","Mon May 18 07:02:23 UTC 2026","","org.eclipse.tractusx.edc.tests.policy.PolicyDefinitionEndToEndTest","org.eclipse.tractusx.edc.tests.policy.PolicyDefinitionEndToEndTest","shouldAcceptValidPolicyDefinitions"
"","27","discoveryShouldReturn08DspParams_whenDsp2025NotAvailable_DidAsIdentifier()","","Mon May 18 07:00:24 UTC 2026","passed","Mon May 18 07:00:24 UTC 2026","","org.eclipse.tractusx.edc.discovery.e2e.ConnectorParameterDiscoveryTest","org.eclipse.tractusx.edc.discovery.e2e.ConnectorParameterDiscoveryTest","discoveryShouldReturn08DspParams_whenDsp2025NotAvailable_DidAsIdentifier"
"","49","5.4.2.1 Verifier should reject a presentation response message that contains a different credential than requested","","Mon May 18 06:59:23 UTC 2026","passed","Mon May 18 06:59:23 UTC 2026","","org.eclipse.dataspacetck.dcp.verification.presentation.verifier.PresentationFlowSection5Test","org.eclipse.dataspacetck.dcp.verification.presentation.verifier.PresentationFlowSection5Test","verifier_05_04_02_01_presentationResponse_tooFewCredentials"
"","372","Verify that the consumer receives only the offers he is permitted to (using the legacy BPN validation)","","Mon May 18 07:00:55 UTC 2026","passed","Mon May 18 07:00:55 UTC 2026","","org.eclipse.tractusx.edc.tests.catalog.CatalogTestDspV08","org.eclipse.tractusx.edc.tests.catalog.CatalogTestDspV08","requestCatalog_filteredByBpnLegacy_WithNamespace_shouldReject"
"","64","Policy is accepted ""Version Changes""","","Mon May 18 07:02:23 UTC 2026","passed","Mon May 18 07:02:23 UTC 2026","","org.eclipse.tractusx.edc.tests.policy.PolicyDefinitionEndToEndTest","org.eclipse.tractusx.edc.tests.policy.PolicyDefinitionEndToEndTest","shouldAcceptValidPolicyDefinitions"
"","42","Policy is not accepted due to missing context ""Warranty Duration Months""","","Mon May 18 07:02:26 UTC 2026","passed","Mon May 18 07:02:26 UTC 2026","","org.eclipse.tractusx.edc.tests.policy.PolicyDefinitionEndToEndTest","org.eclipse.tractusx.edc.tests.policy.PolicyDefinitionEndToEndTest","shouldNotAcceptInvalidNamespacePolicyDefinitions"
"","63","Policy is not accepted because definition is not correct ""Usage policy prohibition with not allowed constraints""","","Mon May 18 07:02:25 UTC 2026","passed","Mon May 18 07:02:25 UTC 2026","","org.eclipse.tractusx.edc.tests.policy.PolicyDefinitionEndToEndTest","org.eclipse.tractusx.edc.tests.policy.PolicyDefinitionEndToEndTest","shouldNotAcceptInvalidPolicyDefinitions"
"","62","Policy is not accepted due to missing context ""Data Usage End Date""","","Mon May 18 07:02:25 UTC 2026","passed","Mon May 18 07:02:25 UTC 2026","","org.eclipse.tractusx.edc.tests.policy.PolicyDefinitionEndToEndTest","org.eclipse.tractusx.edc.tests.policy.PolicyDefinitionEndToEndTest","shouldNotAcceptInvalidNamespacePolicyDefinitions"
"","8145","azureBlobPush_containerNotExist()","","Mon May 18 07:00:24 UTC 2026","passed","Mon May 18 07:00:32 UTC 2026","","org.eclipse.tractusx.edc.tests.transfer.AzureToAzureEndToEndTest","org.eclipse.tractusx.edc.tests.transfer.AzureToAzureEndToEndTest","azureBlobPush_containerNotExist"
"","11072","httpPushNonFiniteDataTransfer()","","Mon May 18 07:06:17 UTC 2026","passed","Mon May 18 07:06:28 UTC 2026","","org.eclipse.tractusx.edc.tests.transfer.TransferPushEndToEndTest.Dsp2025to2025","org.eclipse.tractusx.edc.tests.transfer.TransferPushEndToEndTest$Dsp2025to2025","httpPushNonFiniteDataTransfer"
"","624","discoveryShouldReturnDspParams_BpnAsIdentifier()","","Mon May 18 06:59:48 UTC 2026","passed","Mon May 18 06:59:48 UTC 2026","","org.eclipse.tractusx.edc.discovery.e2e.ConnectorDiscoveryTest","org.eclipse.tractusx.edc.discovery.e2e.ConnectorDiscoveryTest","discoveryShouldReturnDspParams_BpnAsIdentifier"
"","68","Policy is not accepted due to missing context ""Usage Purpose""","","Mon May 18 07:02:26 UTC 2026","passed","Mon May 18 07:02:26 UTC 2026","","org.eclipse.tractusx.edc.tests.policy.PolicyDefinitionEndToEndTest","org.eclipse.tractusx.edc.tests.policy.PolicyDefinitionEndToEndTest","shouldNotAcceptInvalidNamespacePolicyDefinitions"
"","10345","transferData_withAutomaticRefresh()","","Mon May 18 07:06:47 UTC 2026","passed","Mon May 18 07:06:58 UTC 2026","","org.eclipse.tractusx.edc.tests.transfer.TransferWithTokenRefreshTest","org.eclipse.tractusx.edc.tests.transfer.TransferWithTokenRefreshTest","transferData_withAutomaticRefresh"
"","41","Policy is not accepted due to missing context ""Warranty""","","Mon May 18 07:02:26 UTC 2026","passed","Mon May 18 07:02:26 UTC 2026","","org.eclipse.tractusx.edc.tests.policy.PolicyDefinitionEndToEndTest","org.eclipse.tractusx.edc.tests.policy.PolicyDefinitionEndToEndTest","shouldNotAcceptInvalidNamespacePolicyDefinitions"
"","90","Policy is accepted ""Jurisdiction Location""","","Mon May 18 07:02:23 UTC 2026","passed","Mon May 18 07:02:23 UTC 2026","","org.eclipse.tractusx.edc.tests.policy.PolicyDefinitionEndToEndTest","org.eclipse.tractusx.edc.tests.policy.PolicyDefinitionEndToEndTest","shouldAcceptValidPolicyDefinitions"
"","13942","transferFile_largeFile(long, Vault) File size bytes: 1073741824","","Mon May 18 06:59:42 UTC 2026","passed","Mon May 18 06:59:56 UTC 2026","","org.eclipse.tractusx.edc.dataplane.transfer.test.AzureToAzureTest","org.eclipse.tractusx.edc.dataplane.transfer.test.AzureToAzureTest","transferFile_largeFile"
"","7129","azureBlobPush_withDestFolder()","","Mon May 18 07:00:17 UTC 2026","passed","Mon May 18 07:00:24 UTC 2026","","org.eclipse.tractusx.edc.tests.transfer.AzureToAzureEndToEndTest","org.eclipse.tractusx.edc.tests.transfer.AzureToAzureEndToEndTest","azureBlobPush_withDestFolder"
"","2473","The Authorization header is empty","","Mon May 18 06:59:22 UTC 2026","passed","Mon May 18 06:59:24 UTC 2026","","org.eclipse.tractusx.edc.dataplane.tokenrefresh.e2e.DataPlaneTokenRefreshEndToEndTest","org.eclipse.tractusx.edc.dataplane.tokenrefresh.e2e.DataPlaneTokenRefreshEndToEndTest","refresh_emptyAuthHeader"
"","212","Policy is not accepted because definition is not correct ""Usage policy with empty permission""","","Mon May 18 07:02:24 UTC 2026","passed","Mon May 18 07:02:24 UTC 2026","","org.eclipse.tractusx.edc.tests.policy.PolicyDefinitionEndToEndTest","org.eclipse.tractusx.edc.tests.policy.PolicyDefinitionEndToEndTest","shouldNotAcceptInvalidPolicyDefinitions"
"","3123","Policy is accepted ""MembershipCredential""","","Mon May 18 07:02:19 UTC 2026","passed","Mon May 18 07:02:22 UTC 2026","","org.eclipse.tractusx.edc.tests.policy.PolicyDefinitionEndToEndTest","org.eclipse.tractusx.edc.tests.policy.PolicyDefinitionEndToEndTest","shouldAcceptValidPolicyDefinitions"
"","3292","Run TCK Presentation Flow tests","","Mon May 18 06:59:19 UTC 2026","passed","Mon May 18 06:59:23 UTC 2026","","org.eclipse.tractusx.edc.tests.tck.dcp.DcpPresentationFlowTest","org.eclipse.tractusx.edc.tests.tck.dcp.DcpPresentationFlowTest","runPresentationFlowTests"
"","14748","transferData_withTerminate()","","Mon May 18 07:03:15 UTC 2026","passed","Mon May 18 07:03:30 UTC 2026","","org.eclipse.tractusx.edc.tests.transfer.TransferPullEndToEndTest.Dsp08to08","org.eclipse.tractusx.edc.tests.transfer.TransferPullEndToEndTest$Dsp08to08","transferData_withTerminate"
"","6918","transferData_withSuspendResume()","","Mon May 18 07:03:38 UTC 2026","passed","Mon May 18 07:03:45 UTC 2026","","org.eclipse.tractusx.edc.tests.transfer.TransferPullEndToEndTest.Dsp08to08","org.eclipse.tractusx.edc.tests.transfer.TransferPullEndToEndTest$Dsp08to08","transferData_withSuspendResume"
"","88","refreshEdr_whenNotFound()","","Mon May 18 07:02:26 UTC 2026","passed","Mon May 18 07:02:26 UTC 2026","","org.eclipse.tractusx.edc.tests.edrv2.EdrCacheApiEndToEndTest","org.eclipse.tractusx.edc.tests.edrv2.EdrCacheApiEndToEndTest","refreshEdr_whenNotFound"
"","93","Policy is accepted ""Affiliates Region""","","Mon May 18 07:02:22 UTC 2026","passed","Mon May 18 07:02:22 UTC 2026","","org.eclipse.tractusx.edc.tests.policy.PolicyDefinitionEndToEndTest","org.eclipse.tractusx.edc.tests.policy.PolicyDefinitionEndToEndTest","shouldAcceptValidPolicyDefinitions"
"","3661","Contract policy is fulfilled ""MembershipCredential""","","Mon May 18 07:01:54 UTC 2026","passed","Mon May 18 07:01:57 UTC 2026","","org.eclipse.tractusx.edc.tests.transfer.StsConsumerPullTest","org.eclipse.tractusx.edc.tests.transfer.StsConsumerPullTest","transferData_whenContractPolicyFulfilled"
"","2435","The refresh token does not match the stored one","","Mon May 18 06:59:32 UTC 2026","passed","Mon May 18 06:59:34 UTC 2026","","org.eclipse.tractusx.edc.dataplane.tokenrefresh.e2e.DataPlaneTokenRefreshEndToEndTest","org.eclipse.tractusx.edc.dataplane.tokenrefresh.e2e.DataPlaneTokenRefreshEndToEndTest","refresh_withWrongRefreshToken"
"","47","Policy is not accepted due to missing context ""ContractTermination""","","Mon May 18 07:02:26 UTC 2026","passed","Mon May 18 07:02:26 UTC 2026","","org.eclipse.tractusx.edc.tests.policy.PolicyDefinitionEndToEndTest","org.eclipse.tractusx.edc.tests.policy.PolicyDefinitionEndToEndTest","shouldNotAcceptInvalidNamespacePolicyDefinitions"
"","2057","transferFile_s3ToAzureMultipleFiles(Vault)","","Mon May 18 07:00:23 UTC 2026","passed","Mon May 18 07:00:26 UTC 2026","","org.eclipse.tractusx.edc.dataplane.transfer.test.MultiCloudTest","org.eclipse.tractusx.edc.dataplane.transfer.test.MultiCloudTest","transferFile_s3ToAzureMultipleFiles"
"","64","Verify the refresh endpoint is not called when token not yet expired","","Mon May 18 07:02:26 UTC 2026","passed","Mon May 18 07:02:26 UTC 2026","","org.eclipse.tractusx.edc.tests.edrv2.EdrCacheApiEndToEndTest","org.eclipse.tractusx.edc.tests.edrv2.EdrCacheApiEndToEndTest","getEdrWithRefresh_notExpired_shouldNotCallEndpoint"
"","2433","Refresh token success","","Mon May 18 06:59:39 UTC 2026","passed","Mon May 18 06:59:41 UTC 2026","","org.eclipse.tractusx.edc.dataplane.tokenrefresh.e2e.DataPlaneTokenRefreshEndToEndTest","org.eclipse.tractusx.edc.dataplane.tokenrefresh.e2e.DataPlaneTokenRefreshEndToEndTest","refresh_success"
"","669","Verify that the consumer receives only the offers he is permitted to (using the legacy BPN validation)","","Mon May 18 06:59:39 UTC 2026","passed","Mon May 18 06:59:39 UTC 2026","","org.eclipse.tractusx.edc.tests.catalog.CatalogTest","org.eclipse.tractusx.edc.tests.catalog.CatalogTest","requestCatalog_filteredByBpnLegacy_WithNamespace_shouldReject"
"","235","Verify that the consumer receives only the offers he is permitted to (using BPN group validation)","","Mon May 18 07:00:32 UTC 2026","passed","Mon May 18 07:00:32 UTC 2026","","org.eclipse.tractusx.edc.tests.catalog.CatalogTest","org.eclipse.tractusx.edc.tests.catalog.CatalogTest","requestCatalog_filteredByBpnGroup_shouldReturnOffer"
"","58","5.4.3.6 Verifier should reject a credential that is not yet valid","","Mon May 18 06:59:22 UTC 2026","passed","Mon May 18 06:59:22 UTC 2026","","org.eclipse.dataspacetck.dcp.verification.presentation.verifier.PresentationFlowSection5Test","org.eclipse.dataspacetck.dcp.verification.presentation.verifier.PresentationFlowSection5Test","verifier_05_04_03_06_presentationResponse_notYetValidCredential"
"","15741","transferFile_largeFile(long, Vault) File size bytes: 536870912","","Mon May 18 06:59:26 UTC 2026","passed","Mon May 18 06:59:42 UTC 2026","","org.eclipse.tractusx.edc.dataplane.transfer.test.AzureToAzureTest","org.eclipse.tractusx.edc.dataplane.transfer.test.AzureToAzureTest","transferFile_largeFile"
"","15785","Malicious actor should not impersonate a consumer by creating a VP with the consumer membership credential","","Mon May 18 07:00:15 UTC 2026","passed","Mon May 18 07:00:31 UTC 2026","","org.eclipse.tractusx.edc.tests.transfer.CredentialSpoofTest","org.eclipse.tractusx.edc.tests.transfer.CredentialSpoofTest","shouldNotImpersonateConsumer_withWrappedConsumerCredential"
"","3199","transferData_failing_withProxyOriginalResponse_withoutSourceResponseBody()","","Mon May 18 07:04:47 UTC 2026","passed","Mon May 18 07:04:50 UTC 2026","","org.eclipse.tractusx.edc.tests.transfer.TransferPullEndToEndTest.Dsp2025to2025","org.eclipse.tractusx.edc.tests.transfer.TransferPullEndToEndTest$Dsp2025to2025","transferData_failing_withProxyOriginalResponse_withoutSourceResponseBody"
"","45","Policy is not accepted because definition is not correct ""Access Policy with prohibition rule""","","Mon May 18 07:02:24 UTC 2026","passed","Mon May 18 07:02:25 UTC 2026","","org.eclipse.tractusx.edc.tests.policy.PolicyDefinitionEndToEndTest","org.eclipse.tractusx.edc.tests.policy.PolicyDefinitionEndToEndTest","shouldNotAcceptInvalidPolicyDefinitions"
"","2126","transferFile_success()","","Mon May 18 07:00:33 UTC 2026","passed","Mon May 18 07:00:35 UTC 2026","","org.eclipse.tractusx.edc.dataplane.transfer.test.S3ToS3Test","org.eclipse.tractusx.edc.dataplane.transfer.test.S3ToS3Test","transferFile_success"
"","46","4.3.3 Verify invalid access token - sub does not match DID document id","","Mon May 18 06:59:22 UTC 2026","passed","Mon May 18 06:59:22 UTC 2026","","org.eclipse.dataspacetck.dcp.verification.presentation.verifier.PresentationFlowSection4Test","org.eclipse.dataspacetck.dcp.verification.presentation.verifier.PresentationFlowSection4Test","verifier_04_03_03_idTokenIncorrectSub"
"","2078","transferFile_s3ToAzureMultipleFiles_whenConsumerDefinesBloblName_success(Vault)","","Mon May 18 07:00:17 UTC 2026","passed","Mon May 18 07:00:19 UTC 2026","","org.eclipse.tractusx.edc.dataplane.transfer.test.MultiCloudTest","org.eclipse.tractusx.edc.dataplane.transfer.test.MultiCloudTest","transferFile_s3ToAzureMultipleFiles_whenConsumerDefinesBloblName_success"
"","52116","Catalog with 1000 offers","","Mon May 18 06:59:40 UTC 2026","passed","Mon May 18 07:00:32 UTC 2026","","org.eclipse.tractusx.edc.tests.catalog.CatalogTest","org.eclipse.tractusx.edc.tests.catalog.CatalogTest","requestCatalog_of1000Assets_shouldContainAll"
"","65","4.3.3 Verify invalid access token - iss and sub different","","Mon May 18 06:59:21 UTC 2026","passed","Mon May 18 06:59:21 UTC 2026","","org.eclipse.dataspacetck.dcp.verification.presentation.verifier.PresentationFlowSection4Test","org.eclipse.dataspacetck.dcp.verification.presentation.verifier.PresentationFlowSection4Test","verifier_04_03_03_idTokenInvalidSub"
"","47","Policy is not accepted because definition is not correct ""Usage policy obligation with not allowed constraints""","","Mon May 18 07:02:25 UTC 2026","passed","Mon May 18 07:02:25 UTC 2026","","org.eclipse.tractusx.edc.tests.policy.PolicyDefinitionEndToEndTest","org.eclipse.tractusx.edc.tests.policy.PolicyDefinitionEndToEndTest","shouldNotAcceptInvalidPolicyDefinitions"
"","61","Policy is accepted ""Exclusive Usage""","","Mon May 18 07:02:23 UTC 2026","passed","Mon May 18 07:02:23 UTC 2026","","org.eclipse.tractusx.edc.tests.policy.PolicyDefinitionEndToEndTest","org.eclipse.tractusx.edc.tests.policy.PolicyDefinitionEndToEndTest","shouldAcceptValidPolicyDefinitions"
"","57","Policy is not accepted due to missing context ""Affiliates Region (IS_ANY_OF, one element)""","","Mon May 18 07:02:25 UTC 2026","passed","Mon May 18 07:02:25 UTC 2026","","org.eclipse.tractusx.edc.tests.policy.PolicyDefinitionEndToEndTest","org.eclipse.tractusx.edc.tests.policy.PolicyDefinitionEndToEndTest","shouldNotAcceptInvalidNamespacePolicyDefinitions"
"","43","Policy is not accepted due to missing context ""MembershipCredential""","","Mon May 18 07:02:25 UTC 2026","passed","Mon May 18 07:02:25 UTC 2026","","org.eclipse.tractusx.edc.tests.policy.PolicyDefinitionEndToEndTest","org.eclipse.tractusx.edc.tests.policy.PolicyDefinitionEndToEndTest","shouldNotAcceptInvalidNamespacePolicyDefinitions"
"","142","Policy is not accepted because definition is not correct ""Policy with different actions types""","","Mon May 18 07:02:24 UTC 2026","passed","Mon May 18 07:02:24 UTC 2026","","org.eclipse.tractusx.edc.tests.policy.PolicyDefinitionEndToEndTest","org.eclipse.tractusx.edc.tests.policy.PolicyDefinitionEndToEndTest","shouldNotAcceptInvalidPolicyDefinitions"
"","82","Policy is accepted ""Confidential Information Measures""","","Mon May 18 07:02:23 UTC 2026","passed","Mon May 18 07:02:24 UTC 2026","","org.eclipse.tractusx.edc.tests.policy.PolicyDefinitionEndToEndTest","org.eclipse.tractusx.edc.tests.policy.PolicyDefinitionEndToEndTest","shouldAcceptValidPolicyDefinitions"
"","2047","transferFile_azureToS3(Vault)","","Mon May 18 07:00:21 UTC 2026","passed","Mon May 18 07:00:23 UTC 2026","","org.eclipse.tractusx.edc.dataplane.transfer.test.MultiCloudTest","org.eclipse.tractusx.edc.dataplane.transfer.test.MultiCloudTest","transferFile_azureToS3"
"","115","X.X Verifier should reject Presentations where at least 1 credential schema is violated","","Mon May 18 06:59:22 UTC 2026","passed","Mon May 18 06:59:22 UTC 2026","","org.eclipse.dataspacetck.dcp.verification.presentation.verifier.PresentationFlowSection5Test","org.eclipse.dataspacetck.dcp.verification.presentation.verifier.PresentationFlowSection5Test","verifier_x_x_presentationResponse_invalidCredentialSchema"
"","3348","transferData_privateBackend()","","Mon May 18 07:03:00 UTC 2026","passed","Mon May 18 07:03:03 UTC 2026","","org.eclipse.tractusx.edc.tests.transfer.TransferPullEndToEndTest.Dsp08to08","org.eclipse.tractusx.edc.tests.transfer.TransferPullEndToEndTest$Dsp08to08","transferData_privateBackend"
"","46","Policy is not accepted because definition is not correct ""Policy with unknown actions types""","","Mon May 18 07:02:24 UTC 2026","passed","Mon May 18 07:02:24 UTC 2026","","org.eclipse.tractusx.edc.tests.policy.PolicyDefinitionEndToEndTest","org.eclipse.tractusx.edc.tests.policy.PolicyDefinitionEndToEndTest","shouldNotAcceptInvalidPolicyDefinitions"
"","44","Policy is not accepted due to missing context ""DataExchangeGovernance use case""","","Mon May 18 07:02:25 UTC 2026","passed","Mon May 18 07:02:25 UTC 2026","","org.eclipse.tractusx.edc.tests.policy.PolicyDefinitionEndToEndTest","org.eclipse.tractusx.edc.tests.policy.PolicyDefinitionEndToEndTest","shouldNotAcceptInvalidNamespacePolicyDefinitions"
"","6415","The authentication token misses required claims: token","","Mon May 18 06:59:13 UTC 2026","passed","Mon May 18 06:59:19 UTC 2026","","org.eclipse.tractusx.edc.dataplane.tokenrefresh.e2e.DataPlaneTokenRefreshEndToEndTest","org.eclipse.tractusx.edc.dataplane.tokenrefresh.e2e.DataPlaneTokenRefreshEndToEndTest","refresh_invalidAuthenticationToken_missingAccessToken"
"","88","Policy is accepted ""Affiliates BPNL""","","Mon May 18 07:02:22 UTC 2026","passed","Mon May 18 07:02:22 UTC 2026","","org.eclipse.tractusx.edc.tests.policy.PolicyDefinitionEndToEndTest","org.eclipse.tractusx.edc.tests.policy.PolicyDefinitionEndToEndTest","shouldAcceptValidPolicyDefinitions"
"","5607","Contract policy is fulfilled ""MembershipCredential""","","Mon May 18 07:01:01 UTC 2026","passed","Mon May 18 07:01:06 UTC 2026","","org.eclipse.tractusx.edc.tests.transfer.DivConsumerPullTest","org.eclipse.tractusx.edc.tests.transfer.DivConsumerPullTest","transferData_whenContractPolicyFulfilled"
"","4","verifyAgentId_whenNoMembershipCredential_forDsp2025(DataspaceProfileContextRegistry)","","Mon May 18 07:01:30 UTC 2026","passed","Mon May 18 07:01:30 UTC 2026","","org.eclipse.tractusx.edc.tests.transfer.IdentityExtractionTest","org.eclipse.tractusx.edc.tests.transfer.IdentityExtractionTest","verifyAgentId_whenNoMembershipCredential_forDsp2025"
"","68","Policy is not accepted because definition is not correct ""Usage policy permission with not allowed constraints""","","Mon May 18 07:02:25 UTC 2026","passed","Mon May 18 07:02:25 UTC 2026","","org.eclipse.tractusx.edc.tests.policy.PolicyDefinitionEndToEndTest","org.eclipse.tractusx.edc.tests.policy.PolicyDefinitionEndToEndTest","shouldNotAcceptInvalidPolicyDefinitions"
"","33","discoveryShouldReturn400_whenDidNotResolvable()","","Mon May 18 07:00:24 UTC 2026","passed","Mon May 18 07:00:24 UTC 2026","","org.eclipse.tractusx.edc.discovery.e2e.ConnectorParameterDiscoveryTest","org.eclipse.tractusx.edc.discovery.e2e.ConnectorParameterDiscoveryTest","discoveryShouldReturn400_whenDidNotResolvable"
"","2840","transferData_privateBackend()","","Mon May 18 07:01:10 UTC 2026","passed","Mon May 18 07:01:13 UTC 2026","","org.eclipse.tractusx.edc.tests.transfer.DivConsumerPullTest","org.eclipse.tractusx.edc.tests.transfer.DivConsumerPullTest","transferData_privateBackend"
"","249","discoveryShouldReturn2025DspParams_BpnAsIdentifier()","","Mon May 18 07:00:24 UTC 2026","passed","Mon May 18 07:00:24 UTC 2026","","org.eclipse.tractusx.edc.discovery.e2e.ConnectorParameterDiscoveryTest","org.eclipse.tractusx.edc.discovery.e2e.ConnectorParameterDiscoveryTest","discoveryShouldReturn2025DspParams_BpnAsIdentifier"
"","685","Expect the Catalog request to fail if a credential is expired","","Mon May 18 07:01:53 UTC 2026","passed","Mon May 18 07:01:53 UTC 2026","","org.eclipse.tractusx.edc.tests.transfer.StsConsumerPullTest","org.eclipse.tractusx.edc.tests.transfer.StsConsumerPullTest","catalogRequest_whenCredentialExpired"
"","70","Policy is accepted ""Warranty Definition""","","Mon May 18 07:02:23 UTC 2026","passed","Mon May 18 07:02:23 UTC 2026","","org.eclipse.tractusx.edc.tests.policy.PolicyDefinitionEndToEndTest","org.eclipse.tractusx.edc.tests.policy.PolicyDefinitionEndToEndTest","shouldAcceptValidPolicyDefinitions"
"","2445","The authentication token misses required claims: audience","","Mon May 18 06:59:36 UTC 2026","passed","Mon May 18 06:59:39 UTC 2026","","org.eclipse.tractusx.edc.dataplane.tokenrefresh.e2e.DataPlaneTokenRefreshEndToEndTest","org.eclipse.tractusx.edc.dataplane.tokenrefresh.e2e.DataPlaneTokenRefreshEndToEndTest","refresh_invalidAuthenticationToken_missingAudience"
"","3030","transferData_privateBackend()","","Mon May 18 07:02:01 UTC 2026","passed","Mon May 18 07:02:04 UTC 2026","","org.eclipse.tractusx.edc.tests.transfer.StsConsumerPullTest","org.eclipse.tractusx.edc.tests.transfer.StsConsumerPullTest","transferData_privateBackend"
"","94","Expect the Catalog request to fail if a credential has an invalid credential subject id","","Mon May 18 07:01:54 UTC 2026","passed","Mon May 18 07:01:54 UTC 2026","","org.eclipse.tractusx.edc.tests.transfer.StsConsumerPullTest","org.eclipse.tractusx.edc.tests.transfer.StsConsumerPullTest","catalogRequest_whenCredentialSubjectIdIsInvalid"
"","46","Provider gets 400 when no asset selector is used","","Mon May 18 07:02:17 UTC 2026","passed","Mon May 18 07:02:17 UTC 2026","","org.eclipse.tractusx.edc.tests.validators.EmptyAssetSelectorValidatorTest","org.eclipse.tractusx.edc.tests.validators.EmptyAssetSelectorValidatorTest","shouldFail_whenContractDefinitionHasNoAssetSelector"
"","47","Policy is not accepted due to missing context ""Confidential Information Measures""","","Mon May 18 07:02:26 UTC 2026","passed","Mon May 18 07:02:26 UTC 2026","","org.eclipse.tractusx.edc.tests.policy.PolicyDefinitionEndToEndTest","org.eclipse.tractusx.edc.tests.policy.PolicyDefinitionEndToEndTest","shouldNotAcceptInvalidNamespacePolicyDefinitions"
"","852","triggerDataTransfer_shouldFail_whenDataFlowIsNotPushFlowType()","","Mon May 18 07:02:11 UTC 2026","passed","Mon May 18 07:02:11 UTC 2026","","org.eclipse.tractusx.edc.tests.transfer.DataFlowApiEndToEndTest","org.eclipse.tractusx.edc.tests.transfer.DataFlowApiEndToEndTest","triggerDataTransfer_shouldFail_whenDataFlowIsNotPushFlowType"
"","11622","shouldTransferOneGbFile()","","Mon May 18 07:00:36 UTC 2026","passed","Mon May 18 07:00:48 UTC 2026","","org.eclipse.tractusx.edc.dataplane.transfer.test.S3ToS3Test","org.eclipse.tractusx.edc.dataplane.transfer.test.S3ToS3Test","shouldTransferOneGbFile"
"","2047","transferFile_targetContainerNotExist_shouldFail(Vault)","","Mon May 18 07:00:02 UTC 2026","passed","Mon May 18 07:00:04 UTC 2026","","org.eclipse.tractusx.edc.dataplane.transfer.test.AzureToAzureTest","org.eclipse.tractusx.edc.dataplane.transfer.test.AzureToAzureTest","transferFile_targetContainerNotExist_shouldFail"
"","106","Policy is accepted ""DataExchangeGovernance use case""","","Mon May 18 07:02:22 UTC 2026","passed","Mon May 18 07:02:22 UTC 2026","","org.eclipse.tractusx.edc.tests.policy.PolicyDefinitionEndToEndTest","org.eclipse.tractusx.edc.tests.policy.PolicyDefinitionEndToEndTest","shouldAcceptValidPolicyDefinitions"
"","47","Policy is not accepted due to missing context ""Jurisdiction Location""","","Mon May 18 07:02:25 UTC 2026","passed","Mon May 18 07:02:25 UTC 2026","","org.eclipse.tractusx.edc.tests.policy.PolicyDefinitionEndToEndTest","org.eclipse.tractusx.edc.tests.policy.PolicyDefinitionEndToEndTest","shouldNotAcceptInvalidNamespacePolicyDefinitions"
"","3785","Contract policy is fulfilled ""DataExchangeGovernance use case""","","Mon May 18 07:01:06 UTC 2026","passed","Mon May 18 07:01:10 UTC 2026","","org.eclipse.tractusx.edc.tests.transfer.DivConsumerPullTest","org.eclipse.tractusx.edc.tests.transfer.DivConsumerPullTest","transferData_whenContractPolicyFulfilled"
"","64","5.1 Verifier should accept a valid PresentationResponseMessage","","Mon May 18 06:59:23 UTC 2026","passed","Mon May 18 06:59:23 UTC 2026","","org.eclipse.dataspacetck.dcp.verification.presentation.verifier.PresentationFlowSection5Test","org.eclipse.dataspacetck.dcp.verification.presentation.verifier.PresentationFlowSection5Test","verifier_05_01_presentationResponse_success"
"","1053","shouldFail_whenDestinationBucketDoesNotExist()","","Mon May 18 07:00:35 UTC 2026","passed","Mon May 18 07:00:36 UTC 2026","","org.eclipse.tractusx.edc.dataplane.transfer.test.S3ToS3Test","org.eclipse.tractusx.edc.dataplane.transfer.test.S3ToS3Test","shouldFail_whenDestinationBucketDoesNotExist"
"","3168","transferData_privateBackend_withConsumerDataPlane()","","Mon May 18 07:01:13 UTC 2026","passed","Mon May 18 07:01:16 UTC 2026","","org.eclipse.tractusx.edc.tests.transfer.DivConsumerPullTest","org.eclipse.tractusx.edc.tests.transfer.DivConsumerPullTest","transferData_privateBackend_withConsumerDataPlane"
"","6519","httpPushDataTransfer_withLegacyUsagePolicy()","","Mon May 18 07:05:23 UTC 2026","passed","Mon May 18 07:05:29 UTC 2026","","org.eclipse.tractusx.edc.tests.transfer.TransferPushEndToEndTest.Dsp08to08","org.eclipse.tractusx.edc.tests.transfer.TransferPushEndToEndTest$Dsp08to08","httpPushDataTransfer_withLegacyUsagePolicy"
"","86","Policy is accepted ""Jurisdiction Location Reference""","","Mon May 18 07:02:23 UTC 2026","passed","Mon May 18 07:02:23 UTC 2026","","org.eclipse.tractusx.edc.tests.policy.PolicyDefinitionEndToEndTest","org.eclipse.tractusx.edc.tests.policy.PolicyDefinitionEndToEndTest","shouldAcceptValidPolicyDefinitions"
"","55","Policy is not accepted due to missing context ""Data Frequency""","","Mon May 18 07:02:25 UTC 2026","passed","Mon May 18 07:02:25 UTC 2026","","org.eclipse.tractusx.edc.tests.policy.PolicyDefinitionEndToEndTest","org.eclipse.tractusx.edc.tests.policy.PolicyDefinitionEndToEndTest","shouldNotAcceptInvalidNamespacePolicyDefinitions"
"","46","discoveryShouldReturnDspParams_DidAsIdentifier()","","Mon May 18 06:59:48 UTC 2026","passed","Mon May 18 06:59:48 UTC 2026","","org.eclipse.tractusx.edc.discovery.e2e.ConnectorDiscoveryTest","org.eclipse.tractusx.edc.discovery.e2e.ConnectorDiscoveryTest","discoveryShouldReturnDspParams_DidAsIdentifier"
"","38","Verifier should resolve the DID from the prover's ID token","","Mon May 18 06:59:22 UTC 2026","passed","Mon May 18 06:59:22 UTC 2026","","org.eclipse.dataspacetck.dcp.verification.presentation.verifier.PresentationFlowSection5Test","org.eclipse.dataspacetck.dcp.verification.presentation.verifier.PresentationFlowSection5Test","presentationResponse_endpointDiscovery"
"","76","4.3.3 Verify invalid access token - expired","","Mon May 18 06:59:21 UTC 2026","passed","Mon May 18 06:59:21 UTC 2026","","org.eclipse.dataspacetck.dcp.verification.presentation.verifier.PresentationFlowSection4Test","org.eclipse.dataspacetck.dcp.verification.presentation.verifier.PresentationFlowSection4Test","verifier_04_03_03_idTokenExpired"
"","4332","transferData_unsuccessful_notReturnOriginalSourceResponseCode_withTerminate()","","Mon May 18 07:04:24 UTC 2026","passed","Mon May 18 07:04:28 UTC 2026","","org.eclipse.tractusx.edc.tests.transfer.TransferPullEndToEndTest.Dsp2025to2025","org.eclipse.tractusx.edc.tests.transfer.TransferPullEndToEndTest$Dsp2025to2025","transferData_unsuccessful_notReturnOriginalSourceResponseCode_withTerminate"
"","58","Policy is not accepted due to missing context ""Warranty Definition""","","Mon May 18 07:02:26 UTC 2026","passed","Mon May 18 07:02:26 UTC 2026","","org.eclipse.tractusx.edc.tests.policy.PolicyDefinitionEndToEndTest","org.eclipse.tractusx.edc.tests.policy.PolicyDefinitionEndToEndTest","shouldNotAcceptInvalidNamespacePolicyDefinitions"
"","247","4.3.3 Verify invalid access token - jti","","Mon May 18 06:59:21 UTC 2026","passed","Mon May 18 06:59:22 UTC 2026","","org.eclipse.dataspacetck.dcp.verification.presentation.verifier.PresentationFlowSection4Test","org.eclipse.dataspacetck.dcp.verification.presentation.verifier.PresentationFlowSection4Test","verifier_04_03_03_idTokenJtiUsedTwice"
"","3155","transferData_failing_withProxyOriginalResponse()","","Mon May 18 07:03:12 UTC 2026","passed","Mon May 18 07:03:15 UTC 2026","","org.eclipse.tractusx.edc.tests.transfer.TransferPullEndToEndTest.Dsp08to08","org.eclipse.tractusx.edc.tests.transfer.TransferPullEndToEndTest$Dsp08to08","transferData_failing_withProxyOriginalResponse"
"","2426","The authentication token has a invalid id","","Mon May 18 06:59:29 UTC 2026","passed","Mon May 18 06:59:31 UTC 2026","","org.eclipse.tractusx.edc.dataplane.tokenrefresh.e2e.DataPlaneTokenRefreshEndToEndTest","org.eclipse.tractusx.edc.dataplane.tokenrefresh.e2e.DataPlaneTokenRefreshEndToEndTest","refresh_invalidTokenId"
"","3175","transferData_successful_notReturnOriginalSourceResponseCode_withTerminate()","","Mon May 18 07:03:45 UTC 2026","passed","Mon May 18 07:03:49 UTC 2026","","org.eclipse.tractusx.edc.tests.transfer.TransferPullEndToEndTest.Dsp08to08","org.eclipse.tractusx.edc.tests.transfer.TransferPullEndToEndTest$Dsp08to08","transferData_successful_notReturnOriginalSourceResponseCode_withTerminate"
"","5","verifyAgentId_whenNoMembershipCredential_forDsp08(DataspaceProfileContextRegistry)","","Mon May 18 07:01:30 UTC 2026","passed","Mon May 18 07:01:30 UTC 2026","","org.eclipse.tractusx.edc.tests.transfer.IdentityExtractionTest","org.eclipse.tractusx.edc.tests.transfer.IdentityExtractionTest","verifyAgentId_whenNoMembershipCredential_forDsp08"
"","538","refreshEdr()","","Mon May 18 07:02:25 UTC 2026","passed","Mon May 18 07:02:26 UTC 2026","","org.eclipse.tractusx.edc.tests.edrv2.EdrCacheApiEndToEndTest","org.eclipse.tractusx.edc.tests.edrv2.EdrCacheApiEndToEndTest","refreshEdr"
"","275","Verify that the consumer receives only the offers he is permitted to (using the legacy BPN validation)","","Mon May 18 07:00:56 UTC 2026","passed","Mon May 18 07:00:56 UTC 2026","","org.eclipse.tractusx.edc.tests.catalog.CatalogTestDspV08","org.eclipse.tractusx.edc.tests.catalog.CatalogTestDspV08","requestCatalog_filteredByBpnLegacy_shouldReject"
"","3026","transferData_unsuccessful_notReturnOriginalSourceResponseCode_withTerminate()","","Mon May 18 07:03:09 UTC 2026","passed","Mon May 18 07:03:12 UTC 2026","","org.eclipse.tractusx.edc.tests.transfer.TransferPullEndToEndTest.Dsp08to08","org.eclipse.tractusx.edc.tests.transfer.TransferPullEndToEndTest$Dsp08to08","transferData_unsuccessful_notReturnOriginalSourceResponseCode_withTerminate"
"","2487","Refresh token is null or empty (missing) [2] """"","","Mon May 18 06:59:27 UTC 2026","passed","Mon May 18 06:59:29 UTC 2026","","org.eclipse.tractusx.edc.dataplane.tokenrefresh.e2e.DataPlaneTokenRefreshEndToEndTest","org.eclipse.tractusx.edc.dataplane.tokenrefresh.e2e.DataPlaneTokenRefreshEndToEndTest","refresh_invalidRefreshToken"
"","2162","Verify the refresh endpoint is not called when auto_refresh=false","","Mon May 18 07:02:23 UTC 2026","passed","Mon May 18 07:02:25 UTC 2026","","org.eclipse.tractusx.edc.tests.edrv2.EdrCacheApiEndToEndTest","org.eclipse.tractusx.edc.tests.edrv2.EdrCacheApiEndToEndTest","getEdrWithRefresh_whenNotAutorefresh_shouldNotCallEndpoint"
"","54","Policy is accepted ""Access policy with empty permission""","","Mon May 18 07:02:24 UTC 2026","passed","Mon May 18 07:02:24 UTC 2026","","org.eclipse.tractusx.edc.tests.policy.PolicyDefinitionEndToEndTest","org.eclipse.tractusx.edc.tests.policy.PolicyDefinitionEndToEndTest","shouldAcceptValidPolicyDefinitions"
"","2509","The Authorization header is missing","","Mon May 18 06:59:19 UTC 2026","passed","Mon May 18 06:59:22 UTC 2026","","org.eclipse.tractusx.edc.dataplane.tokenrefresh.e2e.DataPlaneTokenRefreshEndToEndTest","org.eclipse.tractusx.edc.dataplane.tokenrefresh.e2e.DataPlaneTokenRefreshEndToEndTest","refresh_missingAuthHeader"
"","4588","transferData_privateBackend()","","Mon May 18 07:04:10 UTC 2026","passed","Mon May 18 07:04:15 UTC 2026","","org.eclipse.tractusx.edc.tests.transfer.TransferPullEndToEndTest.Dsp2025to2025","org.eclipse.tractusx.edc.tests.transfer.TransferPullEndToEndTest$Dsp2025to2025","transferData_privateBackend"
"","45","4.3.3 Verify invalid access token - incorrect aud","","Mon May 18 06:59:22 UTC 2026","passed","Mon May 18 06:59:22 UTC 2026","","org.eclipse.dataspacetck.dcp.verification.presentation.verifier.PresentationFlowSection4Test","org.eclipse.dataspacetck.dcp.verification.presentation.verifier.PresentationFlowSection4Test","verifier_04_03_03_idTokenIncorrectAud"
"","5039","httpPushDataTransfer()","","Mon May 18 07:06:12 UTC 2026","passed","Mon May 18 07:06:17 UTC 2026","","org.eclipse.tractusx.edc.tests.transfer.TransferPushEndToEndTest.Dsp2025to2025","org.eclipse.tractusx.edc.tests.transfer.TransferPushEndToEndTest$Dsp2025to2025","httpPushDataTransfer"
"","43","Policy is not accepted due to missing context ""Business Partner Number""","","Mon May 18 07:02:26 UTC 2026","passed","Mon May 18 07:02:26 UTC 2026","","org.eclipse.tractusx.edc.tests.policy.PolicyDefinitionEndToEndTest","org.eclipse.tractusx.edc.tests.policy.PolicyDefinitionEndToEndTest","shouldNotAcceptInvalidNamespacePolicyDefinitions"
"","94","Policy is accepted ""Data Frequency""","","Mon May 18 07:02:22 UTC 2026","passed","Mon May 18 07:02:22 UTC 2026","","org.eclipse.tractusx.edc.tests.policy.PolicyDefinitionEndToEndTest","org.eclipse.tractusx.edc.tests.policy.PolicyDefinitionEndToEndTest","shouldAcceptValidPolicyDefinitions"
"","3019","transferData_success_withProxyOriginalResponse_withoutSourceResponseBody()","","Mon May 18 07:03:06 UTC 2026","passed","Mon May 18 07:03:09 UTC 2026","","org.eclipse.tractusx.edc.tests.transfer.TransferPullEndToEndTest.Dsp08to08","org.eclipse.tractusx.edc.tests.transfer.TransferPullEndToEndTest$Dsp08to08","transferData_success_withProxyOriginalResponse_withoutSourceResponseBody"
"","62","Policy is accepted ""Contract reference""","","Mon May 18 07:02:23 UTC 2026","passed","Mon May 18 07:02:23 UTC 2026","","org.eclipse.tractusx.edc.tests.policy.PolicyDefinitionEndToEndTest","org.eclipse.tractusx.edc.tests.policy.PolicyDefinitionEndToEndTest","shouldAcceptValidPolicyDefinitions"
"","48","Policy is not accepted due to missing context ""Business Partner Group""","","Mon May 18 07:02:26 UTC 2026","passed","Mon May 18 07:02:26 UTC 2026","","org.eclipse.tractusx.edc.tests.policy.PolicyDefinitionEndToEndTest","org.eclipse.tractusx.edc.tests.policy.PolicyDefinitionEndToEndTest","shouldNotAcceptInvalidNamespacePolicyDefinitions"
"","1299","4.3.3 Verify invalid access token - nbf in future","","Mon May 18 06:59:20 UTC 2026","passed","Mon May 18 06:59:21 UTC 2026","","org.eclipse.dataspacetck.dcp.verification.presentation.verifier.PresentationFlowSection4Test","org.eclipse.dataspacetck.dcp.verification.presentation.verifier.PresentationFlowSection4Test","verifier_04_03_03_idTokenNbfInFuture"
"","1198","Expect the Catalog request to fail if a credential is expired","","Mon May 18 07:00:58 UTC 2026","passed","Mon May 18 07:00:59 UTC 2026","","org.eclipse.tractusx.edc.tests.transfer.DivConsumerPullTest","org.eclipse.tractusx.edc.tests.transfer.DivConsumerPullTest","catalogRequest_whenCredentialExpired"
"","41","Policy is not accepted due to missing context ""Liability""","","Mon May 18 07:02:25 UTC 2026","passed","Mon May 18 07:02:26 UTC 2026","","org.eclipse.tractusx.edc.tests.policy.PolicyDefinitionEndToEndTest","org.eclipse.tractusx.edc.tests.policy.PolicyDefinitionEndToEndTest","shouldNotAcceptInvalidNamespacePolicyDefinitions"
"","50","triggerDataTransfer_shouldFail_whenDataFlowDoesNotExist()","","Mon May 18 07:02:12 UTC 2026","passed","Mon May 18 07:02:12 UTC 2026","","org.eclipse.tractusx.edc.tests.transfer.DataFlowApiEndToEndTest","org.eclipse.tractusx.edc.tests.transfer.DataFlowApiEndToEndTest","triggerDataTransfer_shouldFail_whenDataFlowDoesNotExist"
"","41","Policy is not accepted due to missing context ""Data Usage End Duration Days""","","Mon May 18 07:02:25 UTC 2026","passed","Mon May 18 07:02:25 UTC 2026","","org.eclipse.tractusx.edc.tests.policy.PolicyDefinitionEndToEndTest","org.eclipse.tractusx.edc.tests.policy.PolicyDefinitionEndToEndTest","shouldNotAcceptInvalidNamespacePolicyDefinitions"
"","66","Policy is accepted ""Business Partner Number""","","Mon May 18 07:02:24 UTC 2026","passed","Mon May 18 07:02:24 UTC 2026","","org.eclipse.tractusx.edc.tests.policy.PolicyDefinitionEndToEndTest","org.eclipse.tractusx.edc.tests.policy.PolicyDefinitionEndToEndTest","shouldAcceptValidPolicyDefinitions"
"","4830","transferData_success_withProxyOriginalResponse_withoutSourceResponseBody()","","Mon May 18 07:04:19 UTC 2026","passed","Mon May 18 07:04:24 UTC 2026","","org.eclipse.tractusx.edc.tests.transfer.TransferPullEndToEndTest.Dsp2025to2025","org.eclipse.tractusx.edc.tests.transfer.TransferPullEndToEndTest$Dsp2025to2025","transferData_success_withProxyOriginalResponse_withoutSourceResponseBody"
"","78","Provider gets 200 when asset selector has a valid criterion","","Mon May 18 07:02:16 UTC 2026","passed","Mon May 18 07:02:17 UTC 2026","","org.eclipse.tractusx.edc.tests.validators.EmptyAssetSelectorValidatorTest","org.eclipse.tractusx.edc.tests.validators.EmptyAssetSelectorValidatorTest","shouldPass_whenContractDefinitionHasCorrectAssetSelector"
"","42","Policy is not accepted due to missing context ""Jurisdiction Location Reference""","","Mon May 18 07:02:25 UTC 2026","passed","Mon May 18 07:02:25 UTC 2026","","org.eclipse.tractusx.edc.tests.policy.PolicyDefinitionEndToEndTest","org.eclipse.tractusx.edc.tests.policy.PolicyDefinitionEndToEndTest","shouldNotAcceptInvalidNamespacePolicyDefinitions"
"","68","Policy is accepted ""Liability""","","Mon May 18 07:02:23 UTC 2026","passed","Mon May 18 07:02:23 UTC 2026","","org.eclipse.tractusx.edc.tests.policy.PolicyDefinitionEndToEndTest","org.eclipse.tractusx.edc.tests.policy.PolicyDefinitionEndToEndTest","shouldAcceptValidPolicyDefinitions"
"","51","Policy is not accepted due to missing context ""Affiliates BPNL""","","Mon May 18 07:02:25 UTC 2026","passed","Mon May 18 07:02:25 UTC 2026","","org.eclipse.tractusx.edc.tests.policy.PolicyDefinitionEndToEndTest","org.eclipse.tractusx.edc.tests.policy.PolicyDefinitionEndToEndTest","shouldNotAcceptInvalidNamespacePolicyDefinitions"
"","86","Verify HTTP 403 response when refreshing the token is not allowed","","Mon May 18 07:02:26 UTC 2026","passed","Mon May 18 07:02:26 UTC 2026","","org.eclipse.tractusx.edc.tests.edrv2.EdrCacheApiEndToEndTest","org.eclipse.tractusx.edc.tests.edrv2.EdrCacheApiEndToEndTest","getEdrWithRefresh_unauthorized"
"","494","Verify that the consumer receives only the offers he is permitted to (using the legacy CX policy)","","Mon May 18 07:00:54 UTC 2026","passed","Mon May 18 07:00:55 UTC 2026","","org.eclipse.tractusx.edc.tests.catalog.CatalogTestDspV08","org.eclipse.tractusx.edc.tests.catalog.CatalogTestDspV08","requestCatalog_filteredByBpn_UsingLegacyCxPolicy_shouldReject"
"","341","Consumer gets catalog from the provider. No constraints.","","Mon May 18 06:59:39 UTC 2026","passed","Mon May 18 06:59:40 UTC 2026","","org.eclipse.tractusx.edc.tests.catalog.CatalogTest","org.eclipse.tractusx.edc.tests.catalog.CatalogTest","requestCatalog_fulfillsPolicy_shouldReturnOffer"
"","105","BusinessPartnerDeleted event is published","","Mon May 18 06:59:48 UTC 2026","passed","Mon May 18 06:59:48 UTC 2026","","org.eclipse.tractusx.edc.tests.bpn.events.BusinessPartnerEventTest","org.eclipse.tractusx.edc.tests.bpn.events.BusinessPartnerEventTest","shouldPublishBusinessPartnerDeletedEvent"
"","314","Provider gets 400 when empty asset selector is used","","Mon May 18 07:02:16 UTC 2026","passed","Mon May 18 07:02:16 UTC 2026","","org.eclipse.tractusx.edc.tests.validators.EmptyAssetSelectorValidatorTest","org.eclipse.tractusx.edc.tests.validators.EmptyAssetSelectorValidatorTest","shouldFail_whenContractDefinitionHasEmptyAssetSelector"
"","46","Policy is not accepted due to missing context ""Precedence""","","Mon May 18 07:02:26 UTC 2026","passed","Mon May 18 07:02:26 UTC 2026","","org.eclipse.tractusx.edc.tests.policy.PolicyDefinitionEndToEndTest","org.eclipse.tractusx.edc.tests.policy.PolicyDefinitionEndToEndTest","shouldNotAcceptInvalidNamespacePolicyDefinitions"
"","59","Policy is accepted ""Enforce data usage end date 1 day in the future""","","Mon May 18 07:02:24 UTC 2026","passed","Mon May 18 07:02:24 UTC 2026","","org.eclipse.tractusx.edc.tests.policy.PolicyDefinitionEndToEndTest","org.eclipse.tractusx.edc.tests.policy.PolicyDefinitionEndToEndTest","shouldAcceptValidPolicyDefinitions"
"","37","5.4.2.3 Verifier should reject an empty 'presentation' array","","Mon May 18 06:59:22 UTC 2026","passed","Mon May 18 06:59:22 UTC 2026","","org.eclipse.dataspacetck.dcp.verification.presentation.verifier.PresentationFlowSection5Test","org.eclipse.dataspacetck.dcp.verification.presentation.verifier.PresentationFlowSection5Test","verifier_05_04_02_03_presentationResponse_emptyPresentations"
"","46","Policy is not accepted because definition is not correct ""Policy with mutually exclusive constraints""","","Mon May 18 07:02:25 UTC 2026","passed","Mon May 18 07:02:25 UTC 2026","","org.eclipse.tractusx.edc.tests.policy.PolicyDefinitionEndToEndTest","org.eclipse.tractusx.edc.tests.policy.PolicyDefinitionEndToEndTest","shouldNotAcceptInvalidPolicyDefinitions"
"","88","Policy is accepted ""Affiliates Region (IS_ANY_OF, one element)""","","Mon May 18 07:02:22 UTC 2026","passed","Mon May 18 07:02:22 UTC 2026","","org.eclipse.tractusx.edc.tests.policy.PolicyDefinitionEndToEndTest","org.eclipse.tractusx.edc.tests.policy.PolicyDefinitionEndToEndTest","shouldAcceptValidPolicyDefinitions"
"","68","Policy is accepted ""Liability""","","Mon May 18 07:02:23 UTC 2026","passed","Mon May 18 07:02:23 UTC 2026","","org.eclipse.tractusx.edc.tests.policy.PolicyDefinitionEndToEndTest","org.eclipse.tractusx.edc.tests.policy.PolicyDefinitionEndToEndTest","shouldAcceptValidPolicyDefinitions"
"","70","Policy is accepted ""Precedence""","","Mon May 18 07:02:23 UTC 2026","passed","Mon May 18 07:02:23 UTC 2026","","org.eclipse.tractusx.edc.tests.policy.PolicyDefinitionEndToEndTest","org.eclipse.tractusx.edc.tests.policy.PolicyDefinitionEndToEndTest","shouldAcceptValidPolicyDefinitions"
"","6838","Verify all existing TPs related to an agreement are terminated upon its retirement","","Mon May 18 07:02:33 UTC 2026","passed","Mon May 18 07:02:40 UTC 2026","","org.eclipse.tractusx.edc.tests.transfer.RetireAgreementTest","org.eclipse.tractusx.edc.tests.transfer.RetireAgreementTest","retireAgreement_shouldCloseTransferProcesses"
"","4852","Verify that the callbacks are invoked when negotiating an EDR","","Mon May 18 07:02:52 UTC 2026","passed","Mon May 18 07:02:57 UTC 2026","","org.eclipse.tractusx.edc.tests.edrv2.NegotiateEdrTest","org.eclipse.tractusx.edc.tests.edrv2.NegotiateEdrTest","negotiateEdr_shouldInvokeCallbacks"
"","74","Policy is accepted ""Business Partner Group""","","Mon May 18 07:02:24 UTC 2026","passed","Mon May 18 07:02:24 UTC 2026","","org.eclipse.tractusx.edc.tests.policy.PolicyDefinitionEndToEndTest","org.eclipse.tractusx.edc.tests.policy.PolicyDefinitionEndToEndTest","shouldAcceptValidPolicyDefinitions"
"","4065","transferData_privateBackend_withConsumerDataPlane()","","Mon May 18 07:04:15 UTC 2026","passed","Mon May 18 07:04:19 UTC 2026","","org.eclipse.tractusx.edc.tests.transfer.TransferPullEndToEndTest.Dsp2025to2025","org.eclipse.tractusx.edc.tests.transfer.TransferPullEndToEndTest$Dsp2025to2025","transferData_privateBackend_withConsumerDataPlane"
"","110","discoveryShouldReturn08DspParams_whenDsp2025NotAvailable_BpnAsIdentifier()","","Mon May 18 07:00:24 UTC 2026","passed","Mon May 18 07:00:24 UTC 2026","","org.eclipse.tractusx.edc.discovery.e2e.ConnectorParameterDiscoveryTest","org.eclipse.tractusx.edc.discovery.e2e.ConnectorParameterDiscoveryTest","discoveryShouldReturn08DspParams_whenDsp2025NotAvailable_BpnAsIdentifier"
"","40","5.4.2.4 Verifier should reject an a presentation where a requested credential is missing","","Mon May 18 06:59:22 UTC 2026","passed","Mon May 18 06:59:22 UTC 2026","","org.eclipse.dataspacetck.dcp.verification.presentation.verifier.PresentationFlowSection5Test","org.eclipse.dataspacetck.dcp.verification.presentation.verifier.PresentationFlowSection5Test","verifier_05_04_02_04_presentationResponse_emptyCredentials"
"","79","Policy is accepted ""Warranty""","","Mon May 18 07:02:23 UTC 2026","passed","Mon May 18 07:02:23 UTC 2026","","org.eclipse.tractusx.edc.tests.policy.PolicyDefinitionEndToEndTest","org.eclipse.tractusx.edc.tests.policy.PolicyDefinitionEndToEndTest","shouldAcceptValidPolicyDefinitions"
"","5519","When multiple requests to refresh, to different edrs, verify all return non expired token","","Mon May 18 07:02:26 UTC 2026","passed","Mon May 18 07:02:32 UTC 2026","","org.eclipse.tractusx.edc.tests.edrv2.EdrCacheApiEndToEndTest","org.eclipse.tractusx.edc.tests.edrv2.EdrCacheApiEndToEndTest","getEdrWithRefresh_subsequentRequestReturn"
"","208","Consumer gets catalog from the provider. No constraints.","","Mon May 18 07:00:55 UTC 2026","passed","Mon May 18 07:00:55 UTC 2026","","org.eclipse.tractusx.edc.tests.catalog.CatalogTestDspV08","org.eclipse.tractusx.edc.tests.catalog.CatalogTestDspV08","requestCatalog_fulfillsPolicy_shouldReturnOffer"
"","42","Policy is not accepted due to missing context ""Data Usage End Date Definition""","","Mon May 18 07:02:25 UTC 2026","passed","Mon May 18 07:02:25 UTC 2026","","org.eclipse.tractusx.edc.tests.policy.PolicyDefinitionEndToEndTest","org.eclipse.tractusx.edc.tests.policy.PolicyDefinitionEndToEndTest","shouldNotAcceptInvalidNamespacePolicyDefinitions"
"","9646","transferFile_withBucketCreation_success()","","Mon May 18 07:01:03 UTC 2026","passed","Mon May 18 07:01:13 UTC 2026","","org.eclipse.tractusx.edc.tests.transfer.S3ToS3EndToEndTest","org.eclipse.tractusx.edc.tests.transfer.S3ToS3EndToEndTest","transferFile_withBucketCreation_success"
"","4","verifyCorrectParticipantAgentId_forDsp08(DataspaceProfileContextRegistry)","","Mon May 18 07:01:30 UTC 2026","passed","Mon May 18 07:01:30 UTC 2026","","org.eclipse.tractusx.edc.tests.transfer.IdentityExtractionTest","org.eclipse.tractusx.edc.tests.transfer.IdentityExtractionTest","verifyCorrectParticipantAgentId_forDsp08"
"","73","Policy is accepted ""ContractTermination""","","Mon May 18 07:02:23 UTC 2026","passed","Mon May 18 07:02:23 UTC 2026","","org.eclipse.tractusx.edc.tests.policy.PolicyDefinitionEndToEndTest","org.eclipse.tractusx.edc.tests.policy.PolicyDefinitionEndToEndTest","shouldAcceptValidPolicyDefinitions"
"","66","Policy is accepted ""Data Usage End Date Definition""","","Mon May 18 07:02:22 UTC 2026","passed","Mon May 18 07:02:22 UTC 2026","","org.eclipse.tractusx.edc.tests.policy.PolicyDefinitionEndToEndTest","org.eclipse.tractusx.edc.tests.policy.PolicyDefinitionEndToEndTest","shouldAcceptValidPolicyDefinitions"
"","69","Policy is accepted ""Data Usage End Date""","","Mon May 18 07:02:22 UTC 2026","passed","Mon May 18 07:02:22 UTC 2026","","org.eclipse.tractusx.edc.tests.policy.PolicyDefinitionEndToEndTest","org.eclipse.tractusx.edc.tests.policy.PolicyDefinitionEndToEndTest","shouldAcceptValidPolicyDefinitions"
"","38","Policy is not accepted due to missing context ""Contract reference""","","Mon May 18 07:02:26 UTC 2026","passed","Mon May 18 07:02:26 UTC 2026","","org.eclipse.tractusx.edc.tests.policy.PolicyDefinitionEndToEndTest","org.eclipse.tractusx.edc.tests.policy.PolicyDefinitionEndToEndTest","shouldNotAcceptInvalidNamespacePolicyDefinitions"
"","219","Expect the Catalog request to fail if a requested credential is missing","","Mon May 18 07:01:00 UTC 2026","passed","Mon May 18 07:01:01 UTC 2026","","org.eclipse.tractusx.edc.tests.transfer.DivConsumerPullTest","org.eclipse.tractusx.edc.tests.transfer.DivConsumerPullTest","catalogRequest_whenRequestedCredentialMissing"
"","73","Policy is accepted ""Warranty Duration Months""","","Mon May 18 07:02:23 UTC 2026","passed","Mon May 18 07:02:23 UTC 2026","","org.eclipse.tractusx.edc.tests.policy.PolicyDefinitionEndToEndTest","org.eclipse.tractusx.edc.tests.policy.PolicyDefinitionEndToEndTest","shouldAcceptValidPolicyDefinitions"
"","54","triggerDataTransfer_shouldFail_whenDataFlowIsNotInStartedState()","","Mon May 18 07:02:11 UTC 2026","passed","Mon May 18 07:02:12 UTC 2026","","org.eclipse.tractusx.edc.tests.transfer.DataFlowApiEndToEndTest","org.eclipse.tractusx.edc.tests.transfer.DataFlowApiEndToEndTest","triggerDataTransfer_shouldFail_whenDataFlowIsNotInStartedState"
"","3868","transferData_failing_withProxyOriginalResponse_withoutSourceResponseBody()","","Mon May 18 07:03:30 UTC 2026","passed","Mon May 18 07:03:34 UTC 2026","","org.eclipse.tractusx.edc.tests.transfer.TransferPullEndToEndTest.Dsp08to08","org.eclipse.tractusx.edc.tests.transfer.TransferPullEndToEndTest$Dsp08to08","transferData_failing_withProxyOriginalResponse_withoutSourceResponseBody"
"","58","Policy is not accepted due to missing context ""Affiliates Region""","","Mon May 18 07:02:25 UTC 2026","passed","Mon May 18 07:02:25 UTC 2026","","org.eclipse.tractusx.edc.tests.policy.PolicyDefinitionEndToEndTest","org.eclipse.tractusx.edc.tests.policy.PolicyDefinitionEndToEndTest","shouldNotAcceptInvalidNamespacePolicyDefinitions"
"","62","Policy is accepted ""Usage Purpose""","","Mon May 18 07:02:23 UTC 2026","passed","Mon May 18 07:02:23 UTC 2026","","org.eclipse.tractusx.edc.tests.policy.PolicyDefinitionEndToEndTest","org.eclipse.tractusx.edc.tests.policy.PolicyDefinitionEndToEndTest","shouldAcceptValidPolicyDefinitions"
"","737","Expect the Catalog request to fail if a credential is revoked","","Mon May 18 07:00:59 UTC 2026","passed","Mon May 18 07:01:00 UTC 2026","","org.eclipse.tractusx.edc.tests.transfer.DivConsumerPullTest","org.eclipse.tractusx.edc.tests.transfer.DivConsumerPullTest","catalogRequest_whenCredentialRevoked"
"","89","5.4.3 Verifier should reject Presentations where the holder does not match the credentialSubject.id","","Mon May 18 06:59:22 UTC 2026","passed","Mon May 18 06:59:22 UTC 2026","","org.eclipse.dataspacetck.dcp.verification.presentation.verifier.PresentationFlowSection5Test","org.eclipse.dataspacetck.dcp.verification.presentation.verifier.PresentationFlowSection5Test","verifier_05_04_03_presentationResponse_holderNotEqualSubjectId"
"","2270","discoveryShouldReturn400_ifRequestHasMissingProps()","","Mon May 18 06:59:45 UTC 2026","passed","Mon May 18 06:59:47 UTC 2026","","org.eclipse.tractusx.edc.discovery.e2e.ConnectorDiscoveryTest","org.eclipse.tractusx.edc.discovery.e2e.ConnectorDiscoveryTest","discoveryShouldReturn400_ifRequestHasMissingProps"
"","282","Verify that the consumer receives only the offers he is permitted to (using the new BPN validation)","","Mon May 18 07:00:55 UTC 2026","passed","Mon May 18 07:00:56 UTC 2026","","org.eclipse.tractusx.edc.tests.catalog.CatalogTestDspV08","org.eclipse.tractusx.edc.tests.catalog.CatalogTestDspV08","requestCatalog_filteredByBpn_shouldReject"
"","71","4.3.1 Verifier should reject an ID token that does not contain an access token","","Mon May 18 06:59:21 UTC 2026","passed","Mon May 18 06:59:21 UTC 2026","","org.eclipse.dataspacetck.dcp.verification.presentation.verifier.PresentationFlowSection4Test","org.eclipse.dataspacetck.dcp.verification.presentation.verifier.PresentationFlowSection4Test","verifier_04_03_01_presentationResponse_idTokenNoTokenClaim"
"","87","Policy is accepted ""Confidential Information Sharing""","","Mon May 18 07:02:24 UTC 2026","passed","Mon May 18 07:02:24 UTC 2026","","org.eclipse.tractusx.edc.tests.policy.PolicyDefinitionEndToEndTest","org.eclipse.tractusx.edc.tests.policy.PolicyDefinitionEndToEndTest","shouldAcceptValidPolicyDefinitions"
"","3610","Verify that the consumer receives only the offers he is permitted to (using the legacy CX policy)","","Mon May 18 06:59:35 UTC 2026","passed","Mon May 18 06:59:39 UTC 2026","","org.eclipse.tractusx.edc.tests.catalog.CatalogTest","org.eclipse.tractusx.edc.tests.catalog.CatalogTest","requestCatalog_filteredByBpn_UsingLegacyCxPolicy_shouldReject"
"","15620","discoveryShouldReturn502_whenProviderEndpointNotReachable()","","Mon May 18 07:00:24 UTC 2026","passed","Mon May 18 07:00:40 UTC 2026","","org.eclipse.tractusx.edc.discovery.e2e.ConnectorParameterDiscoveryTest","org.eclipse.tractusx.edc.discovery.e2e.ConnectorParameterDiscoveryTest","discoveryShouldReturn502_whenProviderEndpointNotReachable"
"","3123","transferData_success_withProxyOriginalResponse()","","Mon May 18 07:04:51 UTC 2026","passed","Mon May 18 07:04:54 UTC 2026","","org.eclipse.tractusx.edc.tests.transfer.TransferPullEndToEndTest.Dsp2025to2025","org.eclipse.tractusx.edc.tests.transfer.TransferPullEndToEndTest$Dsp2025to2025","transferData_success_withProxyOriginalResponse"
"","151339","assertDspCompatibility()","","Mon May 18 07:01:52 UTC 2026","passed","Mon May 18 07:04:24 UTC 2026","","org.eclipse.tractusx.edc.tests.tck.dsp.EdcCompatibilityPostgresTest","org.eclipse.tractusx.edc.tests.tck.dsp.EdcCompatibilityPostgresTest","assertDspCompatibility"
"","71","triggerDataTransfer_shouldFail_whenDataFlowIsFinite()","","Mon May 18 07:02:11 UTC 2026","passed","Mon May 18 07:02:11 UTC 2026","","org.eclipse.tractusx.edc.tests.transfer.DataFlowApiEndToEndTest","org.eclipse.tractusx.edc.tests.transfer.DataFlowApiEndToEndTest","triggerDataTransfer_shouldFail_whenDataFlowIsFinite"
"","27","Verifier should reject an auth token without the Bearer prefix","","Mon May 18 06:59:21 UTC 2026","passed","Mon May 18 06:59:21 UTC 2026","","org.eclipse.dataspacetck.dcp.verification.presentation.verifier.PresentationFlowSection4Test","org.eclipse.dataspacetck.dcp.verification.presentation.verifier.PresentationFlowSection4Test","presentationResponse_rejectMissingBearerPrefix"
"","272","Verify that the consumer receives only the offers he is permitted to (using the legacy BPN validation)","","Mon May 18 07:00:33 UTC 2026","passed","Mon May 18 07:00:33 UTC 2026","","org.eclipse.tractusx.edc.tests.catalog.CatalogTest","org.eclipse.tractusx.edc.tests.catalog.CatalogTest","requestCatalog_filteredByBpnLegacy_shouldReject"
"","2293","BusinessPartnerCreated event is published","","Mon May 18 06:59:45 UTC 2026","passed","Mon May 18 06:59:48 UTC 2026","","org.eclipse.tractusx.edc.tests.bpn.events.BusinessPartnerEventTest","org.eclipse.tractusx.edc.tests.bpn.events.BusinessPartnerEventTest","shouldPublishBusinessPartnerCreatedEvent"
"","32897","shouldTerminateTransfer_whenDataProvisioningEndDatePolicyExpires()","","Mon May 18 07:02:46 UTC 2026","passed","Mon May 18 07:03:19 UTC 2026","","org.eclipse.tractusx.edc.tests.policy.PolicyMonitorEndToEndTest","org.eclipse.tractusx.edc.tests.policy.PolicyMonitorEndToEndTest","shouldTerminateTransfer_whenDataProvisioningEndDatePolicyExpires"
"","55","Policy is accepted ""Empty Policy""","","Mon May 18 07:02:24 UTC 2026","passed","Mon May 18 07:02:24 UTC 2026","","org.eclipse.tractusx.edc.tests.policy.PolicyDefinitionEndToEndTest","org.eclipse.tractusx.edc.tests.policy.PolicyDefinitionEndToEndTest","shouldAcceptValidPolicyDefinitions"
"","47","Policy is not accepted due to missing context ""Version Changes""","","Mon May 18 07:02:26 UTC 2026","passed","Mon May 18 07:02:26 UTC 2026","","org.eclipse.tractusx.edc.tests.policy.PolicyDefinitionEndToEndTest","org.eclipse.tractusx.edc.tests.policy.PolicyDefinitionEndToEndTest","shouldNotAcceptInvalidNamespacePolicyDefinitions"
"","3041","Contract policy is fulfilled ""DataExchangeGovernance use case""","","Mon May 18 07:01:57 UTC 2026","passed","Mon May 18 07:02:01 UTC 2026","","org.eclipse.tractusx.edc.tests.transfer.StsConsumerPullTest","org.eclipse.tractusx.edc.tests.transfer.StsConsumerPullTest","transferData_whenContractPolicyFulfilled"
"","2469","Refresh token is null or empty (missing) [1] null","","Mon May 18 06:59:24 UTC 2026","passed","Mon May 18 06:59:27 UTC 2026","","org.eclipse.tractusx.edc.dataplane.tokenrefresh.e2e.DataPlaneTokenRefreshEndToEndTest","org.eclipse.tractusx.edc.dataplane.tokenrefresh.e2e.DataPlaneTokenRefreshEndToEndTest","refresh_invalidRefreshToken"
"","216","Multiple ContractDefinitions exist for one Asset","","Mon May 18 07:00:32 UTC 2026","passed","Mon May 18 07:00:33 UTC 2026","","org.eclipse.tractusx.edc.tests.catalog.CatalogTest","org.eclipse.tractusx.edc.tests.catalog.CatalogTest","requestCatalog_multipleOffersForAsset"
"","10104","transferData_withExpiredEdr_shouldReturn4xx()","","Mon May 18 07:06:58 UTC 2026","passed","Mon May 18 07:07:08 UTC 2026","","org.eclipse.tractusx.edc.tests.transfer.TransferWithTokenRefreshTest","org.eclipse.tractusx.edc.tests.transfer.TransferWithTokenRefreshTest","transferData_withExpiredEdr_shouldReturn4xx"
"","113","discoveryShouldReturn400_whenNoProtocolsAvailable()","","Mon May 18 07:00:24 UTC 2026","passed","Mon May 18 07:00:24 UTC 2026","","org.eclipse.tractusx.edc.discovery.e2e.ConnectorParameterDiscoveryTest","org.eclipse.tractusx.edc.discovery.e2e.ConnectorParameterDiscoveryTest","discoveryShouldReturn400_whenNoProtocolsAvailable"
"","43","discoveryShouldReturn502_ifMetadaEndpointNotReachable()","","Mon May 18 07:00:24 UTC 2026","passed","Mon May 18 07:00:24 UTC 2026","","org.eclipse.tractusx.edc.discovery.e2e.ConnectorParameterDiscoveryTest","org.eclipse.tractusx.edc.discovery.e2e.ConnectorParameterDiscoveryTest","discoveryShouldReturn502_ifMetadaEndpointNotReachable"
"","262","Expect the Catalog request to fail if a credential has an invalid credential subject id","","Mon May 18 07:01:00 UTC 2026","passed","Mon May 18 07:01:00 UTC 2026","","org.eclipse.tractusx.edc.tests.transfer.DivConsumerPullTest","org.eclipse.tractusx.edc.tests.transfer.DivConsumerPullTest","catalogRequest_whenCredentialSubjectIdIsInvalid"
"","3996","transferData_successful_notReturnOriginalSourceResponseCode_withTerminate()","","Mon May 18 07:04:59 UTC 2026","passed","Mon May 18 07:05:03 UTC 2026","","org.eclipse.tractusx.edc.tests.transfer.TransferPullEndToEndTest.Dsp2025to2025","org.eclipse.tractusx.edc.tests.transfer.TransferPullEndToEndTest$Dsp2025to2025","transferData_successful_notReturnOriginalSourceResponseCode_withTerminate"
"","48","Policy is not accepted due to missing context ""Confidential Information Sharing""","","Mon May 18 07:02:26 UTC 2026","passed","Mon May 18 07:02:26 UTC 2026","","org.eclipse.tractusx.edc.tests.policy.PolicyDefinitionEndToEndTest","org.eclipse.tractusx.edc.tests.policy.PolicyDefinitionEndToEndTest","shouldNotAcceptInvalidNamespacePolicyDefinitions"
"","5316","transferData_withSuspendResume()","","Mon May 18 07:04:54 UTC 2026","passed","Mon May 18 07:04:59 UTC 2026","","org.eclipse.tractusx.edc.tests.transfer.TransferPullEndToEndTest.Dsp2025to2025","org.eclipse.tractusx.edc.tests.transfer.TransferPullEndToEndTest$Dsp2025to2025","transferData_withSuspendResume"
"","2052","transferFile_s3ToAzure(Vault)","","Mon May 18 07:00:19 UTC 2026","passed","Mon May 18 07:00:21 UTC 2026","","org.eclipse.tractusx.edc.dataplane.transfer.test.MultiCloudTest","org.eclipse.tractusx.edc.dataplane.transfer.test.MultiCloudTest","transferFile_s3ToAzure"
"","7560","httpPushDataTransfer_withLegacyUsagePolicy()","","Mon May 18 07:06:05 UTC 2026","passed","Mon May 18 07:06:12 UTC 2026","","org.eclipse.tractusx.edc.tests.transfer.TransferPushEndToEndTest.Dsp2025to2025","org.eclipse.tractusx.edc.tests.transfer.TransferPushEndToEndTest$Dsp2025to2025","httpPushDataTransfer_withLegacyUsagePolicy"
"","2898","transferFile_azureToS3MultipleFiles(Vault)","","Mon May 18 07:00:14 UTC 2026","passed","Mon May 18 07:00:17 UTC 2026","","org.eclipse.tractusx.edc.dataplane.transfer.test.MultiCloudTest","org.eclipse.tractusx.edc.dataplane.transfer.test.MultiCloudTest","transferFile_azureToS3MultipleFiles"
"","26","discoveryShouldReturn400_ifRequestHasMissingProps()","","Mon May 18 07:00:24 UTC 2026","passed","Mon May 18 07:00:24 UTC 2026","","org.eclipse.tractusx.edc.discovery.e2e.ConnectorParameterDiscoveryTest","org.eclipse.tractusx.edc.discovery.e2e.ConnectorParameterDiscoveryTest","discoveryShouldReturn400_ifRequestHasMissingProps"
"","15319","transferData_withTerminate()","","Mon May 18 07:04:32 UTC 2026","passed","Mon May 18 07:04:47 UTC 2026","","org.eclipse.tractusx.edc.tests.transfer.TransferPullEndToEndTest.Dsp2025to2025","org.eclipse.tractusx.edc.tests.transfer.TransferPullEndToEndTest$Dsp2025to2025","transferData_withTerminate"
"","90","Verify HTTP 200 response and body when refreshing succeeds","","Mon May 18 07:02:32 UTC 2026","passed","Mon May 18 07:02:32 UTC 2026","","org.eclipse.tractusx.edc.tests.edrv2.EdrCacheApiEndToEndTest","org.eclipse.tractusx.edc.tests.edrv2.EdrCacheApiEndToEndTest","getEdrWithRefresh_success"
"","121","5.4.3.6 Verifier should reject Presentations where at least 1 credential is revoked/suspended","","Mon May 18 06:59:22 UTC 2026","passed","Mon May 18 06:59:22 UTC 2026","","org.eclipse.dataspacetck.dcp.verification.presentation.verifier.PresentationFlowSection5Test","org.eclipse.dataspacetck.dcp.verification.presentation.verifier.PresentationFlowSection5Test","verifier_05_04_03_06_presentationResponse_credentialRevoked"
"","37","Policy is not accepted due to missing context ""Exclusive Usage""","","Mon May 18 07:02:26 UTC 2026","passed","Mon May 18 07:02:26 UTC 2026","","org.eclipse.tractusx.edc.tests.policy.PolicyDefinitionEndToEndTest","org.eclipse.tractusx.edc.tests.policy.PolicyDefinitionEndToEndTest","shouldNotAcceptInvalidNamespacePolicyDefinitions"
"","289","Verify that the consumer receives only the offers he is permitted to (using the new BPN validation)","","Mon May 18 07:00:32 UTC 2026","passed","Mon May 18 07:00:32 UTC 2026","","org.eclipse.tractusx.edc.tests.catalog.CatalogTest","org.eclipse.tractusx.edc.tests.catalog.CatalogTest","requestCatalog_filteredByBpn_shouldReject"
"","17472","Malicious actor should not impersonate a consumer sending a valid consumer VP","","Mon May 18 06:59:57 UTC 2026","passed","Mon May 18 07:00:15 UTC 2026","","org.eclipse.tractusx.edc.tests.transfer.CredentialSpoofTest","org.eclipse.tractusx.edc.tests.transfer.CredentialSpoofTest","shouldNotImpersonateConsumer_withConsumerPresentation"
"","4118","transferData_failing_withProxyOriginalResponse()","","Mon May 18 07:04:28 UTC 2026","passed","Mon May 18 07:04:32 UTC 2026","","org.eclipse.tractusx.edc.tests.transfer.TransferPullEndToEndTest.Dsp2025to2025","org.eclipse.tractusx.edc.tests.transfer.TransferPullEndToEndTest$Dsp2025to2025","transferData_failing_withProxyOriginalResponse"
"","3118","transferData_privateBackend_withConsumerDataPlane()","","Mon May 18 07:03:03 UTC 2026","passed","Mon May 18 07:03:06 UTC 2026","","org.eclipse.tractusx.edc.tests.transfer.TransferPullEndToEndTest.Dsp08to08","org.eclipse.tractusx.edc.tests.transfer.TransferPullEndToEndTest$Dsp08to08","transferData_privateBackend_withConsumerDataPlane"
